Email,Password,Status
Enola_Hilll-Cremin66@hotmail.com,c7RiA8vELbqskdg,success
Morton35@yahoo.com,E0h3zivLWKbTGLB,success


Monroe_Quitzon@gmail.com,OBdZdNNiQ0As_YK,success
Willard.Orn@gmail.com,MDnr6V5g7nbvpp0,success
Miles59@gmail.com,MBhCODuBTlDC_Bv,success
Leta78@yahoo.com,o_SuGi_1rfmp4sL,success
Richard_Grimes@hotmail.com,VRjdsYU_oQ5M2KG,success
Kennedy_Bayer93@yahoo.com,SQ35cErqg5HEWS_,success
Christie_Homenick85@gmail.com,KbTbcW8uzaTQYVj,success
Mario71@gmail.com,7G34ByLlE32gv6Q,success
Mazie_Kerluke0@gmail.com,xTLMoYAuv1mHW9p,success
Veronica_Green15@yahoo.com,0Jewhugv09Hv_ED,success
